UserID;JoinDate;Occupation;Hometown;current_city;country
1;2019-10-12;Scientist;Iloilo;Legazpi;Philippines
2;2025-05-26;Scientist;Quezon City;Legazpi;Philippines
3;2018-02-14;Nurse;San Fernando;Legazpi;Philippines
4;2025-04-08;Engineer;Roxas;Legazpi;Philippines
5;2020-12-02;Carpenter;General Santos;Legazpi;Philippines
6;2022-02-14;Farmer;Manila;Legazpi;Philippines
7;2018-08-23;Artist;Roxas;Legazpi;Philippines
8;2019-09-01;Carpenter;Manila;Legazpi;Philippines
9;2023-08-05;IT Specialist;Vigan;Legazpi;Philippines
10;2018-07-04;Fisherman;Vigan;Legazpi;Philippines
11;2024-01-17;Chef;Cebu;Legazpi;Philippines
12;2018-11-04;Student;Quezon City;Legazpi;Philippines
13;2021-01-05;Nurse;Manila;Legazpi;Philippines
14;2022-02-14;Government Employee;General Santos;Legazpi;Philippines
15;2025-05-18;Artist;Batangas;Legazpi;Philippines
16;2024-07-09;Chef;Antipolo;Legazpi;Philippines
17;2020-11-23;IT Specialist;General Santos;Legazpi;Philippines
18;2022-09-26;Student;Tacloban;Legazpi;Philippines
19;2022-12-12;Nurse;Cebu;Legazpi;Philippines
20;2021-12-23;Fisherman;Tacloban;Legazpi;Philippines
21;2018-05-18;Entrepreneur;Butuan;Legazpi;Philippines
22;2024-06-19;IT Specialist;San Fernando;Legazpi;Philippines
23;2021-01-01;Police Officer;Butuan;Legazpi;Philippines
24;2023-04-16;Student;Zamboanga;Legazpi;Philippines
25;2024-09-03;Scientist;San Fernando;Legazpi;Philippines
26;2021-07-27;Student;Roxas;Legazpi;Philippines
27;2018-02-17;Farmer;Manila;Legazpi;Philippines
28;2020-01-07;Artist;Baguio;Legazpi;Philippines
29;2021-08-20;Nurse;Cebu;Legazpi;Philippines
30;2024-03-31;Government Employee;Zamboanga;Legazpi;Philippines
31;2024-08-07;Sales Clerk;Zamboanga;Legazpi;Philippines
32;2020-03-28;Engineer;Sorsogon;Legazpi;Philippines
33;2019-07-11;Sales Clerk;San Fernando;Legazpi;Philippines
34;2023-05-07;Sales Clerk;Butuan;Legazpi;Philippines
35;2022-09-01;Carpenter;Iloilo;Legazpi;Philippines
36;2024-08-01;Sales Clerk;Tabaco;Legazpi;Philippines
37;2020-04-30;Farmer;Batangas;Legazpi;Philippines
38;2023-08-04;Student;Legazpi;Legazpi;Philippines
39;2023-12-13;Government Employee;Tabaco;Legazpi;Philippines
40;2024-04-15;Lawyer;Antipolo;Legazpi;Philippines
41;2022-08-29;Scientist;Quezon City;Legazpi;Philippines
42;2018-03-18;Student;Manila;Legazpi;Philippines
43;2018-08-16;Driver;Manila;Legazpi;Philippines
44;2020-12-17;Artist;Antipolo;Legazpi;Philippines
45;2018-12-14;Fisherman;Batangas;Legazpi;Philippines
46;2022-06-30;Scientist;Sorsogon;Legazpi;Philippines
47;2019-02-26;Scientist;Manila;Legazpi;Philippines
48;2019-05-14;Driver;Quezon City;Legazpi;Philippines
49;2022-05-10;Artist;Bacolod;Legazpi;Philippines
50;2022-12-14;Entrepreneur;San Fernando;Legazpi;Philippines
51;2018-06-28;Government Employee;Bacolod;Legazpi;Philippines
52;2019-08-11;Farmer;Bacolod;Legazpi;Philippines
53;2018-07-24;Call Center Agent;Iloilo;Legazpi;Philippines
54;2024-08-16;Artist;Baguio;Legazpi;Philippines
55;2019-05-20;Scientist;Cebu;Legazpi;Philippines
56;2018-02-11;IT Specialist;Roxas;Legazpi;Philippines
57;2020-10-30;Fisherman;Sorsogon;Legazpi;Philippines
58;2023-08-05;IT Specialist;Quezon City;Legazpi;Philippines
59;2021-02-13;Doctor;Sorsogon;Legazpi;Philippines
60;2024-11-12;Entrepreneur;Davao;Legazpi;Philippines
61;2018-09-14;Chef;Vigan;Legazpi;Philippines
62;2020-06-18;Doctor;Cebu;Legazpi;Philippines
63;2019-11-09;Carpenter;Legazpi;Legazpi;Philippines
64;2024-03-30;Entrepreneur;Antipolo;Legazpi;Philippines
65;2023-02-07;Engineer;General Santos;Legazpi;Philippines
66;2018-08-18;Student;Zamboanga;Legazpi;Philippines
67;2019-07-25;Doctor;Cebu;Legazpi;Philippines
68;2019-07-15;Chef;Sorsogon;Legazpi;Philippines
69;2022-09-16;Police Officer;Vigan;Legazpi;Philippines
70;2023-04-03;Student;Davao;Legazpi;Philippines
71;2022-01-15;Nurse;General Santos;Legazpi;Philippines
72;2019-09-01;Lawyer;Tabaco;Legazpi;Philippines
73;2019-05-17;Artist;Iloilo;Legazpi;Philippines
74;2021-02-11;Police Officer;Legazpi;Legazpi;Philippines
75;2020-10-14;IT Specialist;Batangas;Legazpi;Philippines
76;2020-07-25;Teacher;Legazpi;Legazpi;Philippines
77;2022-04-18;Call Center Agent;Zamboanga;Legazpi;Philippines
78;2022-02-21;Engineer;Naga;Legazpi;Philippines
79;2024-11-07;Driver;Tacloban;Legazpi;Philippines
80;2024-08-26;Scientist;Cebu;Legazpi;Philippines
81;2019-07-15;Scientist;Roxas;Legazpi;Philippines
82;2024-03-25;Artist;Tacloban;Legazpi;Philippines
83;2025-08-02;Driver;Davao;Legazpi;Philippines
84;2018-04-13;Sales Clerk;Quezon City;Legazpi;Philippines
85;2022-04-22;Sales Clerk;Naga;Legazpi;Philippines
86;2019-06-20;Artist;Manila;Legazpi;Philippines
87;2025-04-23;Entrepreneur;Legazpi;Legazpi;Philippines
88;2024-12-18;Lawyer;Vigan;Legazpi;Philippines
89;2020-07-04;Chef;General Santos;Legazpi;Philippines
90;2023-09-19;Musician;Bacolod;Legazpi;Philippines
91;2023-06-08;Sales Clerk;Tabaco;Legazpi;Philippines
92;2021-03-20;Chef;Tabaco;Legazpi;Philippines
93;2019-12-26;Government Employee;Vigan;Legazpi;Philippines
94;2019-06-06;Chef;Tacloban;Legazpi;Philippines
95;2023-06-21;Teacher;Butuan;Legazpi;Philippines
96;2019-06-12;Government Employee;San Fernando;Legazpi;Philippines
97;2018-10-06;Government Employee;Quezon City;Legazpi;Philippines
98;2021-02-20;Artist;Tacloban;Legazpi;Philippines
99;2021-03-06;Chef;Vigan;Legazpi;Philippines
100;2019-03-19;Engineer;San Fernando;Legazpi;Philippines
10259636;2022-06-01;Unknown;Unknown;Legazpi;Philippines
61239510;2022-06-15;Unknown;Unknown;Legazpi;Philippines
